"Original", "a2211c69fc7f40910bcf0cc421a33acfcfb4bf1772951f3257c86c900b3526c0i0"
"Aquatic", "b8ce01d215e07b968be0dba05bd5a25aaeac074f310564911151f37e284f54f6i0"
"Bubble", "007b7f34751f6d66883ef3717aff2f64fde75b2f137c312b3efd545daffd5748i0"
"Cat Ears", "b86361b117076af703b7c4e8dd5f69e3f540984beed77cdb1f8b0e6930d74392i0"
"Clown", "d90e303c4eebda60b984caea25bf9da17366f320b000fe9fc8c07adb87bbaca9i0"
"Gorilla Mask", "6a7b603a170647bafcbcc46b74f57b9692b342d61864d71cad8afcd52d2a1e07i0"
"Jaguar", "02ff8a8a63b23e54e07dfe36213c1af6519c73d88bcab655bf89c449379786e8i0"
"Mushroom", "d0dc860f089f95af0f04158400e0500f4820995c7a9fb4af060090b5ea9e3e72i0"
"Pothead", "c4f99cac3be94e5736974ba8b9320bdbbb9fa2a035cb34699363193e0c23ff35i0"
"Unicorn", "74d3af68cfba22611d957afd4dce4a9ed80db245a05bf5b33ea4c73673e5652di0"
"Uniglasses", "865cbf412c716a01d2df98de76d3ebbfbbba3c1a88ccf4aab4725dc7f62a5010i0"
"Beach", "73b5d0e3167b4ff2c680863df7f045716c3cc18b5f7492fe20f61d633907c690i0"
"City Road", "d78efe7f13603b3e64fcddf3a9fa328a273d473502a1782e70b63fe9c8b836abi0"
"Desert", "fb4a466a402c44f898a772502425822b600b2046a6bb4c29f3ca42318e0f9ea0i0"
"Forest", "781d80fff28658bc1b8d183b96ebf8e70bff273aa5b3e30ca65d731c1b37558ci0"
"Galactic Castle", "20beeb0a681f74d6f3f5c87e1a0731874aa07b05ae512d42298107b74b080741i0"
"Mountain Range", "89322bf9ce17d6b039143a4c2a9b5933106147b3b0bee486cf1c7d44ecb7f819i0"
"Rain", "716e259fb80b555ad7d0433069fd102dc0e5de9addd09cf2efe212fbfc7f4cf4i0"
"Sea", "6f62878b13051bc9899aba308867310334f5d79415cab1fe1bb2d61b2ae25d19i0"
"Sky with Clouds", "cb6e937b12cca7c4d46884afc6305df8dd1a65df3912f282ed919ca5a3669727i0"
"Starry Night", "2ad501b8c0a7a1ac2a1d7b9c41ba7fba73a9b98dc513e4682b6c1e7b089e8087i0"